Nom,Propriétaire,Adresse,Code postal,Ville,Type
Librairie Riou,Alexandre Traore,"33, rue de Labbé",94658,Sainte ArthurVille,Librairie
Souvenirs Morin,Gabriel de Guilbert,"863, chemin de Robert",97230,Leblanc-la-Forêt,Souvenirs
Douceurs Meyer,Jean de Morin,"6, boulevard Rémy Bertrand",93570,Denisnec,Patisserie
Librairie Chevalier,Lucie Techer-Maurice,"131, rue de Leleu",37181,Roussel,Librairie
Restaurant Gillet,Michel-Timothée Marchal,"45, chemin de Boutin",87763,Saint Élisabeth-sur-Mer,Restaurant
Boutique Goncalves,Monique Dupuy,"135, rue Gomes",51374,Saint Hélèneboeuf,Autre
Douceurs Lecomte,Nicole Weiss,"34, boulevard Tanguy",33864,Gilbert-sur-Guillon,Patisserie
Pharmacie Alexandre,Geneviève Dos Santos,"11, rue Techer",20911,GodardBourg,Pharmacie
Pharmacie Collin,Suzanne Evrard,"901, chemin Frédéric Cousin",55261,Bernard-la-Forêt,Pharmacie
Pharmacie Charrier,Philippe Gautier,"48, chemin Ledoux",20652,Martinboeuf,Pharmacie
Aux Délices Camus,Bertrand Étienne,"40, rue de Clément",93597,Saint Gilbertdan,Patisserie
Souvenirs Dias,Gilles Evrard,"93, rue de Delannoy",39508,Navarro,Souvenirs
Multimédia Blondel,Célina Hoarau,"6, boulevard Lenoir",29702,Robert,Electronique
Le Kiosque Guérin,Gabriel Mercier,rue Denise Gomez,35785,Benoit-les-Bains,Restauration rapide
Digital Ramos,Thérèse-Jacqueline Reynaud,"21, avenue de Monnier",54520,ChauveauVille,Electronique
Snack Maillet,Antoine Antoine,"41, rue Regnier",57243,Vidal-la-Forêt,Restauration rapide
Le Livre Pinto,Auguste Pichon-Dias,boulevard Garcia,12871,Brun,Librairie
L'Encre Cordier,Valérie Benoit,"3, rue Amélie Aubry",97668,Briand,Librairie
Le Kiosque Grenier,Véronique Meyer-Aubert,"90, chemin Boyer",7698,Gaudin-les-Bains,Restauration rapide
Chez Boyer,Audrey de la Muller,"4, rue Hélène Hoarau",74708,Saint Astrid,Autre
Pharmacie Descamps,Margaux-Josette Martins,"53, rue Marguerite Imbert",38568,Hamel,Pharmacie
Restaurant Legrand,Michel Loiseau,"2, rue de Guillou",33235,Muller,Restaurant
Pharmacie Moulin,Lorraine Barbier,"949, boulevard Ribeiro",84206,Aubry,Pharmacie
Fast Ferreira,Robert Meyer,"49, chemin de Martins",87749,Bodin,Restauration rapide
Librairie Camus,André-Benjamin Couturier,"10, rue Lucie Charles",20859,Courtoisnec,Librairie
L'Atelier Sucré Guilbert,Bertrand Sanchez,"18, boulevard Françoise Caron",55230,Sainte Aimée,Patisserie
La Page Fournier,Françoise Normand,"6, avenue de Legendre",95258,Goncalves,Librairie
Le Livre Schmitt,Alexandrie Colin,"46, rue Simone Boutin",14491,Sainte Matthieu,Librairie
Boutique Souvenirs Bourgeois,Marine Schneider,"40, chemin Roger Muller",97345,Clerc,Souvenirs
Fast Grégoire,Margot Leroy,rue Inès Aubry,5211,Gay-sur-Barre,Restauration rapide
Le Kiosque Chauveau,Renée Seguin,"7, rue de Adam",6825,Martin-sur-Mer,Restauration rapide
L'Atelier Sucré Marchal,Antoinette Chartier,"551, chemin de Martineau",52434,Grenier-la-Forêt,Patisserie
La Page Lenoir,Étienne De Oliveira,"52, boulevard Victoire Martin",38393,Perret,Librairie
Pharmacie Delorme,Margot Turpin du Pichon,"88, rue de Delmas",11390,Dupréboeuf,Pharmacie
Multimédia Morin,Yves Ruiz-Jean,"10, avenue Bourdon",97319,Legros-sur-Mer,Electronique
La Table Wagner,Virginie Alexandre,"20, rue Joseph Grenier",66575,Saint Claude,Restaurant
Pharmacie Rivière,Christiane Barthelemy,"689, boulevard Sylvie Fouquet",64536,Cohen-les-Bains,Pharmacie
Snack Bernier,Stéphanie Poirier,"88, rue de Paris",56179,Huet,Restauration rapide
Pâtisserie Maillard,Margaud Gimenez,rue Grondin,49810,Munoz,Patisserie
Express Benoit,Marc Cordier,"176, avenue Perrier",97384,Sainte Christiane,Restauration rapide
Souvenirs Robert,Lucy Chrétien,"98, rue de Coulon",28379,ValléeVille,Souvenirs
L'Atelier Sucré Perrier,Océane Ramos,"92, avenue Allain",72778,Saint Lucy,Patisserie
Aux Délices Gilbert,Nicolas Vidal,avenue Victor Lecomte,58434,Samson,Patisserie
Chez Gillet,Marc-Gilbert Faure,"9, chemin Hubert",83170,Saint Paul,Restaurant
TechShop Bourgeois,Thierry Brunet,"27, rue de Turpin",89362,Brun,Electronique
Digital Seguin,Céline Merle de la Langlois,rue de Langlois,73793,Chauvin-sur-Mer,Electronique
Pharmacie Sanchez,Jacqueline-Caroline Grenier,"119, boulevard Aurélie Peltier",47170,Jourdanboeuf,Pharmacie
Chez Richard,Victoire Gautier,"37, rue Nath Barbe",83376,Tanguy-sur-Becker,Restaurant
Fast Guillet,Renée Foucher,"45, chemin Lebreton",31868,Colasnec,Restauration rapide
Multimédia Marques,Paul Germain,"63, chemin Roger Godard",89382,Dubois-sur-Mer,Electronique
Librairie Clément,Lucas Camus-Berthelot,"87, rue Cousin",28514,Schneider,Librairie
La Page Dupré,Michèle-Thérèse Lenoir,"96, chemin Martine De Sousa",34413,Grondin,Librairie
Multimédia Mathieu,Hugues de Bernier,"43, avenue de Baron",92703,Godard-la-Forêt,Electronique
Le Livre Roussel,William de la Alves,"90, chemin Lambert",7666,Rocher,Librairie
Chez Marchand,Caroline Richard,"87, chemin Julien Roux",32982,NoëlBourg,Restaurant
Pharmacie Maréchal,Arnaude Verdier,"3, boulevard Bailly",11354,Sainte Julie-sur-Mer,Pharmacie
Pharmacie Diallo,Monique du Pichon,"164, rue de Ledoux",26740,Aubry,Pharmacie
L'Encre Peltier,Édouard Dupuis,"112, avenue Marie Valentin",60398,Saint Sébastien,Librairie
Snack Munoz,Michel Guérin de la Aubry,"236, rue de Jourdan",20372,Guérin,Restauration rapide
Boutique Souvenirs Lopez,Honoré Valentin,"247, chemin Martine Antoine",34612,Teixeiradan,Souvenirs
Multimédia Faure,Alice Lesage Le Texier,"2, boulevard Coste",3883,Verdier,Electronique
Le Comptoir Fournier,Noël Paul,"34, avenue de Bousquet",62193,Lévêquenec,Autre
Pharmacie Le Roux,Caroline Renard,"57, avenue de Samson",70137,Blancboeuf,Pharmacie
Pharmacie Fleury,Céline Leleu,"808, rue Laurent Paul",46737,Toussaintdan,Pharmacie
Cadeaux Samson,François Da Costa,"84, avenue de Rivière",4745,Dupuis-sur-Lacombe,Souvenirs
Pharmacie Leroux,Robert Garcia du Morin,"8, rue Didier",91398,Munoz-la-Forêt,Pharmacie
TechShop Legros,Sylvie Berger,"426, boulevard de Letellier",18984,Sainte Pénélopenec,Electronique
Electro Leblanc,Juliette de Carre,"89, avenue Tanguy",61453,Courtois,Electronique
Express Ledoux,Michelle Pineau-Lebrun,"79, avenue Bertrand",40862,Munoznec,Restauration rapide
Boutique Collin,Paul Da Silva,"295, rue Édith Pineau",2839,Lejeune,Autre
Le Kiosque Bègue,Auguste Lelièvre,"79, rue de Boulanger",86979,Gilletboeuf,Restauration rapide
Pâtisserie Toussaint,Alex Maurice,chemin Dumas,95192,PerrinBourg,Patisserie
Pâtisserie Hebert,Henri Leroy,rue Théodore Pelletier,47541,Moulin,Patisserie
Le Livre Laporte,Édith Picard,"7, rue de Mahe",74246,Pinto,Librairie
La Page Diaz,Michel-Gilbert Martineau,chemin Margaret Morvan,20175,Barre-la-Forêt,Librairie
Multimédia Riou,Jeannine Pineau,"86, rue Weber",73467,Collet-sur-Bonnin,Electronique
Pharmacie Collet,Vincent Delaunay,"1, avenue de Renault",97439,Benard-sur-Vasseur,Pharmacie
Cadeaux Bousquet,Thierry Le Potier,"11, avenue Arthur Delorme",46849,Robin,Souvenirs
Le Bistrot Collet,Patricia Roger,"68, boulevard de Maillard",21363,Colletboeuf,Restaurant
Pharmacie Noël,Astrid Blanchard,"68, avenue Garcia",33649,Sainte Alexandrie-la-Forêt,Pharmacie
Boutique Souvenirs Mary,Michelle Nicolas,"17, boulevard de Millet",78326,Sainte Martine-la-Forêt,Souvenirs
Express Delahaye,Céline Joly,chemin Teixeira,15199,Tanguy,Restauration rapide
Pharmacie Dufour,Susanne Lemaître,"369, rue Victoire Camus",78517,David,Pharmacie
La Page Blot,Gabrielle Hebert,"25, chemin de Devaux",82467,Sainte Robert,Librairie
Pâtisserie Aubert,Michel Robin,"19, chemin Berger",17905,Leclerc-sur-Muller,Patisserie
Snack Salmon,Françoise Coste-Fabre,"12, rue Gilles Gimenez",32917,Masson,Restauration rapide
Pharmacie Peltier,Christophe Garcia,"69, rue Aubry",7229,LaineBourg,Pharmacie
Pâtisserie Vallet,Noël Pons,"891, rue de Bonneau",6844,Hernandezdan,Patisserie
Librairie Weiss,Antoine Voisin,"81, avenue de Legrand",11429,Caron-sur-François,Librairie
Pâtisserie Marchand,Thierry-Timothée Mary,"96, avenue Corinne Texier",55201,Saint Auroredan,Patisserie
Le Comptoir Dumas,Maggie De Sousa,"61, chemin Margot Adam",47256,MercierBourg,Autre
La Page Clément,Martin Pereira,"92, boulevard Guilbert",71437,Sainte Adriennenec,Librairie
Cadeaux Mace,Guy Brunel,"91, rue Descamps",61329,Sainte Camilleboeuf,Souvenirs
Supermarché Noël,Sébastien-Frédéric Gilbert,"198, chemin de Leroy",23379,Maillot,Supermarché
Pharmacie Marty,Éric Meunier,"31, rue de Robin",95643,Mallet,Pharmacie
Supermarché Humbert,Marianne Barbier,"25, rue Barbier",97189,Saint Richard,Supermarché
Marché Pichon,Véronique Seguin,"44, rue de Barre",55213,Potier,Supermarché
Pâtisserie Potier,Véronique-Manon Lambert,"19, rue Hernandez",27885,Salmon,Patisserie
Le Livre Adam,Isaac Mathieu de Mahe,"32, boulevard Maryse Rolland",64672,Guérin,Librairie
Express Chauvin,Martin Moreau,"6, avenue de Baudry",51826,CharpentierBourg,Restauration rapide
Chez Lebon,Isaac Picard,"25, rue Patrick Nguyen",75510,Chevaliernec,Restaurant
Boutique Ruiz,Geneviève Le Roux,"9, rue de Laporte",65298,Marty,Autre
Chez Petitjean,Georges Henry,"33, rue de Samson",97293,Saint Pénélopedan,Autre
Snack Barthelemy,Sophie-Margot Techer,"27, avenue Louise Bailly",35705,Sainte Corinne,Restauration rapide
Douceurs Legrand,Nicolas Sauvage de Boyer,"21, boulevard de Guillou",49573,Lenoir-sur-Rousset,Patisserie
Aux Délices Dupont,Élisabeth Lebrun,"38, avenue Henry",43831,Saint Augustin-sur-Mer,Patisserie
Multimédia Neveu,Sabine Hardy,"625, avenue Anouk Becker",43795,Roux-sur-Lefort,Electronique
TechShop Jourdan,Anouk Boulanger,avenue de Jacquet,32841,Gérard-sur-Le Roux,Electronique
Supermarché Faure,Claire-Marine Ruiz,"22, boulevard Alexandria Weiss",42932,Leconte,Supermarché
Le Livre Boutin,Bernadette du Grégoire,"6, rue Marcel Leblanc",97372,Jean,Librairie
Pharmacie Dos Santos,Auguste Collet,boulevard de Rousset,67138,Gosselin,Pharmacie
Espace Maurice,Théophile Mallet,"32, avenue de Bertrand",52473,Hebert,Autre
Boutique Bourdon,Maurice Rey de la Ruiz,"85, chemin Renée Weber",64640,Renard-sur-Mer,Autre
Douceurs Texier,Gilbert Roux,"95, boulevard Denis",36185,Maillard,Patisserie
Chez Lebreton,Claudine du Robin,"15, rue Anastasie Gaudin",47341,Faureboeuf,Restaurant
Supermarché Hubert,Hugues Perrin,"32, chemin Georges",89951,Thierry,Supermarché
Restaurant Munoz,Sophie Chauvet,rue Boucher,27955,Lévy,Restaurant
Multimédia Petitjean,Pauline Masson Le Gomez,"1, avenue Riou",79568,Saint Virginiedan,Electronique
Chez Godard,Agnès Lefort-Buisson,"52, rue Laetitia Benard",30684,LemoineBourg,Autre
Boutique Souvenirs Hardy,Antoinette Laine,"188, avenue Benjamin Bousquet",49482,Letellier,Souvenirs
Boutique Souvenirs Durand,Antoinette Barre,"6, rue Benard",69446,Merle,Souvenirs
Pharmacie Pottier,Valentine Lefort,"81, chemin Renaud",6910,Dupont,Pharmacie
Digital Gomes,Pierre Chauvin du Fleury,rue de Renault,45982,Sainte Richard,Electronique
Souvenirs Denis,Renée Alexandre,"66, avenue Jacquot",63476,Da CostaBourg,Souvenirs
Espace Petitjean,Audrey Perret,"58, rue Édouard Millet",84402,Cohen,Autre
Pharmacie Marion,Danielle Blot,"17, chemin de Bonneau",55381,Saint Marguerite,Pharmacie
Snack Diaz,Mathilde Blanchet,"30, avenue de Fontaine",17168,Merle,Restauration rapide
Espace Imbert,Maryse Jacob,"3, avenue de Lemaître",47554,Saint Éléonoreboeuf,Autre
Épicerie Chauvin,Laurence Menard,rue Didier,66496,Lemaire-la-Forêt,Supermarché
Pharmacie Becker,Maurice-Franck Raymond,"23, rue Sauvage",22830,Fernandezboeuf,Pharmacie
Espace Martineau,Anouk Dias,"34, rue de Étienne",65329,Saint Sophie-les-Bains,Autre
La Page Gomez,Alexandrie Alves,"957, boulevard Fernandez",9416,Wagnerdan,Librairie
Librairie Laine,Odette Bruneau,chemin Clerc,10560,Bazinboeuf,Librairie
Aux Délices Rodriguez,Édith Lecoq-Dumont,"901, chemin Gaillard",20430,Perrot,Patisserie
La Page Paul,Augustin Deschamps de la Bousquet,"52, boulevard de Morin",64756,Allain,Librairie
Espace Blin,Émile Delmas,"159, rue Lambert",82889,Aubry-sur-Gilles,Autre
Le Livre Lacroix,Patricia-Alix Mahe,"844, avenue Léger",58174,Saint Brigitte,Librairie
Pharmacie Legros,Susan Martins,"625, chemin de Alexandre",17878,Buisson,Pharmacie
Souvenirs Guilbert,Hugues Guillot,"5, rue Guy Pereira",7397,Chauvetnec,Souvenirs
Fast Menard,Isaac Verdier,"33, boulevard Chantal Didier",39609,Saint Anaïs,Restauration rapide
Boutique Souvenirs Bodin,Isabelle Fabre,"10, avenue Jeannine Guibert",86581,Regnier,Souvenirs
TechShop Petit,Martin Lucas,"66, avenue Roux",72675,Étienne,Electronique
Marché Lenoir,Auguste Collin du Salmon,"29, rue Carlier",47913,Pascal,Supermarché
Librairie Poulain,Eugène Marion,"18, rue Dos Santos",91441,Pauldan,Librairie
Épicerie Gérard,Christine Millet Le Goncalves,"649, boulevard de Rossi",62825,Ribeiro-sur-Ollivier,Supermarché
Librairie Durand,Margot Maillet,boulevard Thibault Pages,88744,Sainte Rémy,Librairie
Pharmacie Bègue,Henriette-Anastasie Guillon,"78, rue David",73817,Saint Alfreddan,Pharmacie
Pharmacie Bouvier,Clémence Pasquier,"96, avenue de Guyon",93163,Paul,Pharmacie
TechShop Guillaume,Marguerite Dupré-Martel,"35, boulevard Zacharie Morvan",45792,Bourdon,Electronique
La Page Guillet,Gérard Le Pascal,"54, rue de Blot",90600,Voisin,Librairie
Le Kiosque Lévêque,Laure Hervé-Rivière,"666, chemin Dupont",36831,Sainte Capucine-la-Forêt,Restauration rapide
Multimédia Letellier,Frédérique Renaud,"58, rue Chauvet",94700,Berger,Electronique
Pharmacie Girard,Hélène de la Roux,chemin Michelle Georges,13797,Thomas,Pharmacie
Pharmacie Dias,Lucas Guibert,"53, chemin Madeleine Lopez",97321,Grondin-sur-Joubert,Pharmacie
Pharmacie Rousset,Emmanuel Delattre,"7, rue Océane Charpentier",5109,Duhamel,Pharmacie
La Page Marion,Jacques Jacquet,"387, avenue de Maillard",24928,Sainte Isaacdan,Librairie
Souvenirs Jourdan,Éric-Aimé Gallet,"49, boulevard Riou",51946,Buissonboeuf,Souvenirs
La Page Fernandez,Brigitte Gonzalez,"45, chemin Jacob",30557,Boulanger,Librairie
Boutique Souvenirs Hernandez,Adrienne-Josette Guibert,"20, chemin Hugues Lebon",87614,Blot,Souvenirs
L'Atelier Sucré Lemaire,Julien Bonneau de la Vasseur,"82, boulevard de Besson",53818,Georges-sur-Mer,Patisserie
L'Atelier Sucré Ledoux,Zacharie Faivre-Godard,avenue de Evrard,90470,Saint Charles-sur-Mer,Patisserie
Pharmacie Baudry,Clémence Gaillard-Millet,"41, boulevard de Camus",12622,Lefèvredan,Pharmacie
Souvenirs Payet,Patricia du Thibault,avenue de Maillet,39840,Sainte Pierre,Souvenirs
Le Livre Bernard,Stéphane de Lambert,"91, rue Georges",5393,Arnaud-les-Bains,Librairie
Souvenirs Gosselin,Michelle Weber,"26, boulevard de Lucas",83980,Lemaire,Souvenirs
Le Comptoir Colin,Nathalie Evrard-Rodriguez,"10, avenue Margot Fouquet",69534,Gillet-sur-Mer,Autre
TechShop Hoarau,Marie Meyer,"11, avenue de Bonneau",97312,Leclerc,Electronique
Multimédia Mercier,Théophile Fontaine,"103, avenue Nicolas Gimenez",27872,Saint Constance,Electronique
Pharmacie Charpentier,Sébastien Julien-Verdier,"53, boulevard Louis",52407,Bonnet,Pharmacie
Pharmacie Pascal,Diane-Pénélope Berthelot,"6, avenue de Hardy",40813,Lejeune-les-Bains,Pharmacie
Librairie Ribeiro,Éléonore Faivre,"43, rue Susan Barthelemy",8675,Delattre-les-Bains,Librairie
Electro Chevallier,Gilbert Martins-Rémy,"8, rue Élise Ramos",24152,Hoareau,Electronique
Fast Maillet,Alice Legrand de la Samson,"437, chemin Alexandre Lecomte",24859,Sainte Patrick-sur-Mer,Restauration rapide
Le Bistrot Chauvin,Robert Lebrun-Diallo,"97, chemin de Le Gall",33468,Mahedan,Restaurant
Le Comptoir Perrin,Margaud Martins,"16, rue de Traore",19116,Lenoir,Autre
Snack Mary,Patricia-Lucie Brunet,"73, rue de Didier",70770,Boucher,Restauration rapide
Fast Ledoux,Victoire Jacques,"32, boulevard de Camus",23655,Saint Virginie,Restauration rapide
Pâtisserie Sanchez,Adrien Pasquier,"31, rue Bodin",58482,Sainte Margaux,Patisserie
Express Coulon,Adrien Rossi,"10, chemin de Regnier",36117,Rochernec,Restauration rapide
Digital Colin,Benoît Hardy,"93, chemin René Chauvin",11482,Jacques-sur-Mer,Electronique
Digital Grenier,Henri Pottier-Faure,"2, avenue Alexandria Courtois",60157,Saint Émile,Electronique
Restaurant Didier,Margot Moreno,rue de Rolland,27988,Ollivier-sur-Dupuy,Restaurant
TechShop Lambert,Zacharie Guyot,"602, rue Coste",19870,Garnier-la-Forêt,Electronique
Le Bistrot Goncalves,Isabelle-Nath Labbé,"36, rue de Charrier",95454,Saint Bernadette,Restaurant
Souvenirs Grondin,Jean Texier,"165, chemin de Lebreton",62333,Lenoir,Souvenirs
Le Livre Mallet,Éléonore Bazin,"51, rue Perez",34257,Mendès-les-Bains,Librairie
Chez Rousset,Margaud Alves,rue Le Gall,56468,Henry,Autre
Douceurs Payet,Éric Perret,"788, rue Blanc",45667,Sainte AliceVille,Patisserie
Marché Klein,Nath Merle,boulevard de Berger,73633,Pottier,Supermarché
Souvenirs Gillet,Daniel Royer,"37, rue Gay",35531,Guillet,Souvenirs
Pâtisserie Garnier,Jeannine Hoarau,"49, rue Grégoire Bailly",1505,Legendre,Patisserie
Aux Délices Gillet,Sabine Daniel,"624, rue de Voisin",40281,Julien-la-Forêt,Patisserie
Le Kiosque Guyon,Jacqueline Germain,"66, boulevard Bourgeois",75658,Normand,Restauration rapide
L'Encre Lecoq,Alexandrie Petitjean-Pinto,"57, rue de Lejeune",86611,Couturier,Librairie
Express Bailly,Gilbert Delmas-Brunet,"26, boulevard Christiane Guillon",51647,Jacquotnec,Restauration rapide
Pharmacie Devaux,Jules Boutin,"411, chemin de Brun",82727,Sainte Odette,Pharmacie
Boutique Rémy,Catherine Dubois,rue Danielle Letellier,66671,Lagarde-sur-Bruneau,Autre
Souvenirs Louis,Michelle Michaud,"682, avenue Duval",37525,Saint Véronique-les-Bains,Souvenirs
Souvenirs Lévêque,Jean Pineau de la Dijoux,"27, avenue Timothée Mercier",38145,Saint Claudeboeuf,Souvenirs
Le Livre Jourdan,Yves Gaillard,"38, rue de Rémy",71536,Grondinnec,Librairie
Le Kiosque Lombard,Éric Riou,"16, boulevard de Philippe",57706,PerrierVille,Restauration rapide
Restaurant Fischer,François Le Chrétien,"2, rue de Poulain",41301,Noël-la-Forêt,Restaurant
Le Bistrot Leconte,Margaux Godard,"269, chemin Camille Albert",79276,Bonneau,Restaurant
Souvenirs Maury,Yves Lucas,"4, rue Jules Besson",88244,Chevalliernec,Souvenirs
Restaurant Godard,Sébastien Jacob,"97, rue de Berthelot",21601,Joly,Restaurant
Pharmacie Lemoine,Stéphanie Legendre,rue Claire Dufour,24934,Guilbertdan,Pharmacie
Express Lejeune,Patricia Lacombe,"22, rue de Samson",28399,Sainte Maurice,Restauration rapide
L'Encre Tanguy,Émile Valette du Moreno,"98, boulevard Noël",34893,PoulainVille,Librairie
Snack Samson,Gabrielle Lamy,rue de Léger,5560,Lévêque,Restauration rapide
Cadeaux Fernandez,Célina Diallo,"69, boulevard de Lefort",54269,Joly-sur-Leclerc,Souvenirs
Cadeaux Leclerc,Roland Marty,"99, chemin Fischer",37396,Da Costa-sur-Buisson,Souvenirs
La Table Potier,Daniel Hamel,"5, rue de Boutin",17355,Mendès,Restaurant
La Table Lebrun,Yves Carlier-Camus,"746, rue Luce Lecoq",12512,Bouvet-la-Forêt,Restaurant
Pharmacie Lemonnier,Susanne Coulon,"801, chemin de Andre",68507,Gilbert,Pharmacie
Aux Délices Lecomte,Juliette Breton,"38, avenue de Le Goff",87880,Saint Eugène,Patisserie
Le Bistrot Toussaint,Agnès Denis,"17, rue Marie Payet",83409,Paris,Restaurant
Boutique Souvenirs Morin,Jeannine Perez,"70, chemin de Pages",89873,Gilbert,Souvenirs
Pharmacie Bègue,Benoît Martin,"31, rue de Paul",87555,Saint Marthe,Pharmacie
Boutique Souvenirs Le Goff,Marcel Lemonnier,"41, rue Nath Henry",14420,Ribeiro,Souvenirs
Aux Délices Dos Santos,Christiane Clerc,"91, rue de Bourdon",83268,Marty-sur-Mer,Patisserie
Express Techer,Lucas Chauvet,"23, rue Chrétien",16703,Martynec,Restauration rapide
Marché Gomes,Gérard Baron,"4, boulevard de Brunel",92722,Merle,Supermarché
Aux Délices Blot,Vincent Hernandez,"498, avenue de Collet",82155,Costa,Patisserie
Electro Collin,Georges Didier,"118, chemin Gilles Chevallier",72530,Morvan,Electronique
Cadeaux Normand,Noël Pires,boulevard Mercier,2368,Fournier,Souvenirs
Snack Lopez,Claude Renault,"766, boulevard Tanguy",78256,Perez,Restauration rapide
L'Atelier Sucré Ruiz,Pierre Martins,"256, avenue Nathalie Dupuis",8350,Sainte Gabrieldan,Patisserie
Douceurs Raymond,Andrée Ruiz de la Mathieu,rue de Boutin,2267,Perrot-la-Forêt,Patisserie
Electro Brun,Charlotte Bouvet,"1, avenue Richard Hardy",9369,Techer-sur-Garnier,Electronique
L'Atelier Mahe,Dominique Alves,boulevard Jacques Tessier,20361,Saint MichelVille,Autre
Épicerie Bertrand,Gérard Lambert,"36, rue Lenoir",91858,Hubertboeuf,Supermarché
Le Livre Menard,Margaud Dupuy,chemin de Mathieu,64789,Saint Maurice,Librairie
Le Bistrot Blondel,Luc Muller,"64, boulevard Pineau",2477,Klein,Restaurant
Chez Thibault,Thierry Berger du Tessier,"93, rue Robert",52124,Allard,Restaurant
Le Bistrot Perrot,Jacques Martin,"24, boulevard Gomez",53603,Saint Michèle,Restaurant
Electro Guyot,Alphonse Grondin,"85, rue de Blin",13617,Diaz,Electronique
Le Livre Carlier,Théodore Duhamel,rue Noël Klein,33971,Carlier,Librairie
Douceurs Bonnin,Margaud Sauvage,"41, boulevard Nicolas",20208,Lebreton,Patisserie
Pharmacie Turpin,Odette Mathieu,"83, avenue Rémy Mathieu",12261,Fischer,Pharmacie
Espace Grenier,Alice Fabre Le Caron,rue de Hamon,50625,Sainte Raymond,Autre
Pâtisserie Roger,Luc Sauvage,"831, rue Rivière",2163,Dumont,Patisserie
Supermarché Philippe,Michelle Torres,"5, rue François",25761,RodriguezBourg,Supermarché
Épicerie Rémy,Alphonse Pinto,boulevard Lesage,92504,Martineznec,Supermarché
Pharmacie Normand,Diane Monnier,"54, rue Arthur Bonneau",79731,Jourdan,Pharmacie
Épicerie Collet,Olivie Dias,"2, avenue Guillaume Humbert",25758,MenardVille,Supermarché
Pharmacie Weber,Valentine Devaux,"99, avenue Richard Arnaud",4426,Vasseur-sur-Martinez,Pharmacie
Pharmacie Merle,Antoine-Noël Laporte,"232, rue Da Costa",68935,Saint Hortense,Pharmacie
Multimédia Chevallier,Diane Schmitt,"155, chemin de Duhamel",72245,Roche-sur-Teixeira,Electronique
Marché Allard,Emmanuel Marin de Robin,boulevard Vasseur,3639,Martinboeuf,Supermarché
L'Atelier Sucré Bonneau,Christophe Le Wagner,"10, boulevard Fischer",19892,Sainte Davidboeuf,Patisserie
Pharmacie Fischer,Capucine Marques,"32, avenue de Riou",62764,Roger,Pharmacie
L'Atelier Sucré Neveu,Martine Hubert-Chartier,"56, chemin de Rodriguez",22846,Sainte Claude,Patisserie
Supermarché Pires,Alexandria-Édith Marion,"239, rue Vincent Vallet",10343,Julien,Supermarché
Souvenirs Brun,Xavier Riou,"17, rue Paul Jacquot",9458,Nicolas,Souvenirs
Boutique Souvenirs Fouquet,André Collin,"72, avenue Adèle Morvan",48203,Verdier-sur-Mer,Souvenirs
Snack Goncalves,Arnaude Fontaine,"6, rue David Le Goff",21484,Foucher,Restauration rapide
Digital Sanchez,Bernadette Maillot-Valentin,"70, rue de Seguin",55260,Saint Vincent,Electronique
Aux Délices Leclerc,Lucas Le Peltier,"23, avenue Masse",70960,BrunetVille,Patisserie
Digital Alves,Marcel Fernandez,"273, rue Picard",81398,Sainte CamilleBourg,Electronique
Le Livre Le Gall,Sylvie Camus,"91, rue Alexandrie Weber",47291,Bertrand-la-Forêt,Librairie
La Table Besnard,Julie Jean,"202, chemin Allard",52874,Dumas-sur-Lenoir,Restaurant
Pharmacie Bonnet,Paulette Regnier,"49, chemin Édouard Delaunay",91135,Masse-les-Bains,Pharmacie
Restaurant Mathieu,Diane Brun,"12, rue Maggie Gay",25942,Valentin,Restaurant
Aux Délices Poirier,Antoinette Fernandez,"668, boulevard Céline Richard",97699,Coste-sur-Barbe,Patisserie
Restaurant Humbert,Marc Gérard,"299, boulevard Valette",13904,Regnier,Restaurant
Chez Barre,Julie Jacob,"89, rue Baron",51247,Raynaud-sur-Bazin,Restaurant
Le Comptoir Lemonnier,Alex Delaunay,"80, chemin Alphonse Marques",38418,Marin,Autre
Boutique Souvenirs Grenier,Gabriel Lucas,"55, avenue de Texier",82191,Pichon,Souvenirs
Le Bistrot Lecomte,Véronique Thierry,"90, rue Langlois",90618,DufourVille,Restaurant
Supermarché Giraud,Eugène de Menard,rue Agnès Fischer,25380,Barthelemy,Supermarché
Boutique Souvenirs Bodin,Chantal Bazin,chemin Camus,76556,Reynaud,Souvenirs
Supermarché Coste,Marine Barre-Goncalves,"5, avenue Girard",20974,Valette-sur-Benoit,Supermarché
La Table Louis,Yves Leclerc-Royer,"18, rue de Reynaud",17762,Brunel,Restaurant
Le Bistrot Petit,Gilbert Raynaud-Schneider,"76, avenue Philippe Carpentier",59409,Ferrandnec,Restaurant
Supermarché Mary,Adrien Gros,"58, rue Christine Andre",43383,Baron,Supermarché
Pharmacie Bertin,Étienne Gérard de la Boyer,"35, rue de Bègue",63402,Humbert,Pharmacie
Restaurant Lebon,Alex Guillon,"435, boulevard de Diaz",97670,Guillou,Restaurant
Le Livre Ribeiro,Vincent Pascal,"81, chemin Pages",71881,Bazin,Librairie
Multimédia Daniel,Frédéric Monnier,"66, chemin Isabelle Cousin",59971,Sainte BernardBourg,Electronique
Electro Georges,Philippe de Bazin,"146, rue Bourgeois",43519,Albert-sur-Meunier,Electronique
Boutique Souvenirs Gomes,Augustin Coulon,"15, avenue Paris",26879,Verdier,Souvenirs
Fast Salmon,Patrick Ledoux,boulevard Gay,81539,Gilbertdan,Restauration rapide
Marché Jacob,Alfred Joubert,"60, rue de Moreau",86104,Jean,Supermarché
Express Lemonnier,Marcelle Dumont,boulevard Jacqueline Schneider,21166,Sainte Stéphane,Restauration rapide
Boutique Souvenirs Pineau,Maggie du Torres,"67, rue Antoine",3333,Petitjean,Souvenirs
Souvenirs Payet,Alain de la Denis,"7, chemin de Pires",68738,Saint Margaud,Souvenirs
Supermarché Nicolas,André Blot,avenue Alex Denis,70358,Boutin-les-Bains,Supermarché
Pharmacie Leclerc,Henri De Oliveira,"9, boulevard Julie Bonnin",18528,Saint RolandBourg,Pharmacie
Fast Gautier,Élodie Raynaud,"48, avenue Théodore Renard",6661,Guillaumedan,Restauration rapide
Librairie Rémy,Adrien Richard-Leconte,boulevard Laroche,63252,Saint MoniqueBourg,Librairie
L'Atelier Boucher,Michel Collet-Aubry,"2, rue Charpentier",46920,Launay,Autre
Pâtisserie Rousset,Benoît Thierry,rue Dupré,82274,Pelletier,Patisserie
Digital Navarro,Juliette Peron de Guichard,"71, avenue Richard Collin",88971,De Oliveira-les-Bains,Electronique
Multimédia Marie,Antoine Leroux,boulevard Christine Colas,86548,Bourdon,Electronique
La Page Gillet,Alix Pottier,"87, avenue Besnard",6164,Bègue,Librairie
Épicerie Bouvier,Yves Hardy,"693, boulevard de Lagarde",89733,Sainte Margaud-sur-Mer,Supermarché
Boutique Souvenirs Leduc,Nathalie Gérard,"300, avenue de Costa",21176,Lebrun-sur-Mer,Souvenirs
Electro Rémy,André-Philippe Hubert,"46, avenue Hebert",73558,Sainte Carolineboeuf,Electronique
TechShop Lemaire,Agnès Henry,"90, rue de Robin",77733,Grégoire,Electronique
Librairie Guilbert,Victor du Leblanc,"4, chemin Gabrielle Gosselin",79714,Augerboeuf,Librairie
Cadeaux Auger,Céline Pereira,"60, chemin Emmanuelle Barbe",47818,Saint Jacquesdan,Souvenirs
Chez Joly,Catherine Adam,"23, rue Céline Aubert",91446,Sainte BenjaminBourg,Restaurant
Pâtisserie Leleu,Suzanne Delmas,"127, rue de Lenoir",55958,Guillet-sur-Grégoire,Patisserie
Pâtisserie Valette,Stéphane Giraud,"71, boulevard de Seguin",41616,Humbert-sur-Mer,Patisserie
Cadeaux Paris,Marianne Cousin,"72, boulevard de Ribeiro",89660,Mendès,Souvenirs
Librairie Gallet,Gabrielle Bourgeois-Lacroix,"35, rue de Gaudin",69810,Lacombe,Librairie
Express Ferreira,Valentine Guillon,"58, rue Dorothée Gautier",4490,Vincent,Restauration rapide
Snack Leconte,Eugène Da Costa,"34, chemin Martins",97179,Sainte Sylvie,Restauration rapide
Pharmacie Sauvage,Thibault Parent,"738, boulevard Grenier",36809,Sainte Amélie,Pharmacie
Chez Delattre,Anastasie Richard,"83, chemin Faivre",75659,Pierre-sur-Diallo,Autre
Supermarché Pages,William du Schmitt,"3, boulevard Mathieu",48141,Lopes-la-Forêt,Supermarché
La Table Dumont,Stéphane Adam,avenue Mathilde Meyer,6257,Godard,Restaurant
Épicerie Roux,Madeleine Marin Le Legrand,"48, boulevard Mercier",97674,Legros,Supermarché
Multimédia Devaux,Océane Morin-Lévêque,"65, chemin Martin Chrétien",79643,GuilbertVille,Electronique
TechShop Noël,Sophie Guillot,"193, chemin de Weber",15495,Gimenez,Electronique
Pharmacie Ramos,Alexandre Blondel Le Buisson,"17, rue Tristan Buisson",11198,Leleu,Pharmacie
Marché Tanguy,Adèle Toussaint-François,"26, boulevard Boutin",94893,JourdanBourg,Supermarché
Boutique Souvenirs Letellier,Alexandre Jacques,"20, rue Colin",32671,Saint Raymondnec,Souvenirs
Pâtisserie Chevallier,Océane Lesage,"7, rue de Joubert",1756,Andre-sur-Boulay,Patisserie
Boutique Souvenirs Vallet,Amélie-Arnaude Pelletier,"5, chemin de Seguin",12388,Webernec,Souvenirs
Aux Délices Peltier,Noël Barbier,"72, chemin de Couturier",19405,Dubois,Patisserie
La Table Lenoir,Claire Denis-Dupont,boulevard de Carlier,68660,Sainte Marcboeuf,Restaurant
Chez Lecomte,Claire Renard,"59, rue Arnaud",85918,Vincent-sur-Hamel,Autre
Fast Dias,Arnaude Charpentier,"5, rue Pages",74598,Hamon,Restauration rapide
Supermarché Rodriguez,Benoît Jacquet-Legendre,chemin Vallée,57436,Delmas-sur-Schneider,Supermarché
Le Kiosque Lemonnier,Colette-Mathilde Gomes,"60, rue Mendès",94756,Baronboeuf,Restauration rapide
Le Kiosque Lucas,Valentine Pinto,"84, rue de Roger",82721,Sainte Valérie-les-Bains,Restauration rapide
Cadeaux Tanguy,Gilles de Petitjean,boulevard Lefort,4932,Delorme-sur-Lebon,Souvenirs
Espace Lecoq,Frédérique-Alex Courtois,"387, avenue Maurice Leleu",75850,Lucas,Autre
Pâtisserie Barthelemy,Dominique de Chauvin,"303, rue de Cohen",20283,Moreno-sur-Delmas,Patisserie
Aux Délices Rodrigues,Martine Fournier,"23, chemin Nicolas Dupont",85311,Alvesnec,Patisserie
Épicerie Lelièvre,Amélie Fournier,"91, chemin de Traore",33692,Colas-les-Bains,Supermarché
Aux Délices Mallet,Mathilde Coste,"9, avenue Maurice Blondel",51461,Coulon,Patisserie
Marché Leduc,Adèle Charrier de la Besnard,"91, chemin de Lecomte",20291,Étienne,Supermarché
Boutique Marion,Vincent Rolland,"81, avenue de Voisin",26704,Jourdan,Autre
Souvenirs Bouchet,Gérard Bertrand,"392, boulevard de Fournier",73250,Saint Raymond,Souvenirs
Le Bistrot Arnaud,Océane de Fouquet,"41, boulevard Charlotte Leduc",21324,Brunel-les-Bains,Restaurant
Cadeaux Guillon,Thierry Delmas,"62, boulevard Jeanne Muller",29487,PayetBourg,Souvenirs
Express Durand,Raymond du Gérard,"3, boulevard Joséphine Morel",97678,ChrétienBourg,Restauration rapide
Pharmacie Morin,Christelle Marion,"7, avenue de Lemaître",6814,Gilbert-sur-Mer,Pharmacie
La Table Leduc,Marine Pruvost,"316, avenue Pauline Rey",11390,Devaux-sur-Lejeune,Restaurant
Express Boucher,Adrien de Verdier,"9, avenue Bègue",26804,Lejeune,Restauration rapide
Boutique Souvenirs Étienne,Denis Launay,"944, boulevard Aimée Raymond",35796,Faivre-sur-Mer,Souvenirs
Souvenirs Pasquier,Valérie Colin-Lemaître,"574, chemin de Becker",90507,Delmas,Souvenirs
La Page Lemaire,Maurice Bonnin-Renard,boulevard Maréchal,97653,BonneauVille,Librairie
Snack Renard,Adèle Robin,"79, rue Charles",28479,Saint Moniquenec,Restauration rapide
Pharmacie Maréchal,Louise Mendès de Becker,"17, boulevard Renault",24134,Gros-sur-Blondel,Pharmacie
Douceurs Rocher,Thibault Roy-Parent,rue Marcelle Martin,20188,Valette,Patisserie
Marché Alexandre,Nicole Lebon,"18, rue de Robin",70391,Guillonboeuf,Supermarché
Pharmacie Perrot,Frédéric-Thibaut Leclercq,"19, rue Anouk Guillou",14672,Sainte ZacharieBourg,Pharmacie
La Page Blanchet,René-Sébastien Deschamps,"86, chemin Diallo",58797,CosteVille,Librairie
Souvenirs Leduc,Gilles Mercier,"63, chemin Diane Regnier",2817,Menard,Souvenirs
Fast Hervé,Luc Maillet,"91, avenue Bouvier",45323,Royer-sur-Vidal,Restauration rapide
Souvenirs Letellier,Paul de la Huet,"44, rue Menard",79464,Merle,Souvenirs
Pharmacie Gautier,Augustin Labbé,"19, rue de Leduc",47735,Teixeira,Pharmacie
Souvenirs Bruneau,Patrick-Éric Salmon,"46, rue de Vincent",67918,MartelVille,Souvenirs
Espace Gaudin,Nathalie Torres,"91, chemin Marie Petit",2790,Gillet,Autre
Cadeaux Blin,Isaac Étienne,"92, rue René Georges",78451,Gonzalez,Souvenirs
Multimédia Didier,Françoise Humbert,"75, avenue Jules Masse",17689,Roussel,Electronique
Librairie Mace,Georges-Roger Lesage,"32, rue Joseph De Oliveira",63237,Joubertboeuf,Librairie
Boutique Souvenirs Coulon,Gilbert Guilbert de Chauvin,rue de Lopez,27933,Ollivier,Souvenirs
Marché Lombard,Maurice Vallet,"65, boulevard de Boucher",44120,Rivièreboeuf,Supermarché
Fast Potier,Élodie Verdier de la Valette,"95, avenue Édouard Weber",78393,Lefort-les-Bains,Restauration rapide
Le Comptoir Brun,Paulette Lefort,"261, chemin Dumas",40424,Lacombe,Autre
Supermarché Da Costa,Nicole Dupuy du Valette,"787, rue Simon",17845,Peltier,Supermarché
Le Livre Deschamps,François Brun,"2, avenue Lévy",7126,HardyBourg,Librairie
Supermarché Duval,Thierry-Denis Clément,"44, chemin Pichon",80229,Laine,Supermarché
L'Atelier Picard,Alfred Dupré,"87, chemin de Lévy",56238,Schmittdan,Autre
TechShop Lefort,Renée-Marcelle Perrot,"831, chemin Antoinette Bertin",20410,Saint Dorothée,Electronique
La Page Thierry,Jérôme Renault,"807, rue Pauline Perret",37711,Robert,Librairie
Le Livre Lévy,Élisabeth Bouchet,"46, avenue Hoareau",28369,Sainte Lorraine-sur-Mer,Librairie
Aux Délices Blondel,Laetitia Jacquet Le Pasquier,"3, chemin Masson",81566,Sauvage-sur-Maillard,Patisserie
Marché Bonnin,Victoire Roche Le Moreau,"9, rue Henry",36375,Auger,Supermarché
Cadeaux Navarro,Gabriel Robin,"8, chemin De Oliveira",39904,Guicharddan,Souvenirs
La Table Grenier,Jacques Faure,"5, rue Émilie Lelièvre",23296,Weber,Restaurant
Espace Richard,Gérard Collin,"40, rue Dorothée Chartier",26584,Bazin-la-Forêt,Autre
La Page Breton,Thomas Petitjean,boulevard de Dijoux,16359,Diaz-la-Forêt,Librairie
L'Atelier Sucré Philippe,Anastasie Martineau,"4, avenue de Germain",2271,Mary,Patisserie
La Page Mathieu,Jacqueline Petit,avenue de Lagarde,76258,Pires,Librairie
Douceurs Blanc,Édouard Didier-Robin,"150, rue Martine Regnier",14228,Reyboeuf,Patisserie
Pharmacie Pascal,Sabine Peron,"7, rue Philippe Fournier",62823,Vaillant-la-Forêt,Pharmacie
Electro Allard,Élisabeth Duhamel,"855, boulevard Françoise Renard",9643,Lebreton,Electronique
Chez Collet,Richard-Jules De Sousa,boulevard de Gillet,93289,Sainte Philippine,Restaurant
Marché Legendre,Isaac Mace-Andre,"963, avenue de Gosselin",70257,Carre-sur-Breton,Supermarché
L'Atelier Lejeune,Cécile Pereira,"1, rue David",25209,OlivierBourg,Autre
Cadeaux David,Nath-Victoire Laine,"640, boulevard Wagner",10113,Bègue,Souvenirs
Cadeaux Marin,Nicolas Riou,boulevard Noémi Legros,47913,Sainte Éléonore,Souvenirs
Supermarché Fournier,Henri Garnier,"411, avenue de Aubert",24638,Colas,Supermarché
L'Atelier Sucré Toussaint,Roger Bouvet,"61, avenue de Boutin",85537,Saint Sophie-les-Bains,Patisserie
Aux Délices Dias,Claude Marques,"88, chemin Emmanuelle Germain",47522,Pagesboeuf,Patisserie
La Page Raynaud,Roland Morvan-Benoit,"845, avenue Adrien Pages",5391,Durand-sur-Paul,Librairie
TechShop Dufour,Adrien Ribeiro de la Benoit,"5, boulevard de Berthelot",73685,Gauthier,Electronique
Electro Morel,Martine Meyer,"45, chemin Ribeiro",12684,Colas-sur-Mer,Electronique
L'Atelier Peron,Isaac Guillet,"29, chemin de Morel",93927,Weber-sur-Chevalier,Autre
Cadeaux Valette,Jacques Lévêque,"41, boulevard de Dubois",81896,Vincent-la-Forêt,Souvenirs
Boutique Souvenirs Hardy,Hugues Gimenez,"95, rue de Brunet",7789,CohenBourg,Souvenirs
Le Livre Louis,Luce Carlier,"25, boulevard Noémi Girard",70508,Clément,Librairie
Cadeaux Alexandre,Renée de la Ledoux,"48, avenue Manon Masse",25674,Guyon-sur-Hardy,Souvenirs
La Table Hoarau,Auguste Da Costa-Diallo,"29, avenue Briand",46456,Lebrun,Restaurant
Pharmacie Barre,Alexandrie Pires Le Roy,"379, rue Thérèse Rey",25801,Meyer,Pharmacie
Supermarché Boulay,Bertrand Rousset,boulevard Caron,36114,Lemonnier,Supermarché
Chez Masson,Maurice Georges de Rémy,"933, chemin de Lévy",61737,Lemonnier,Autre
Le Kiosque Rocher,Laurent Guillon,"304, chemin Bourgeois",89732,Vincent,Restauration rapide
Boutique Turpin,Arthur Chevallier,"25, chemin Delahaye",49336,GrégoireBourg,Autre
Pâtisserie Gomes,Aurore Lemoine,"178, rue Laporte",39441,Carlier-les-Bains,Patisserie
Cadeaux Moreau,Marthe Monnier,"93, rue Lorraine Boucher",49934,Sainte Maurice,Souvenirs
L'Atelier Fernandes,Nathalie Descamps,"7, boulevard de Toussaint",87332,Guillot-les-Bains,Autre
Épicerie Launay,Thibaut Boulanger du Allard,"92, rue de Dos Santos",39805,Dufournec,Supermarché
Marché Pires,Victor Moreno,"91, rue de Gonzalez",40959,Petitjean,Supermarché
Multimédia Martinez,Olivie Bouchet,"34, rue Payet",23126,Chauvet-sur-Da Costa,Electronique
Supermarché Seguin,Hortense-Hortense Grondin,"6, avenue Lucas",64966,Lelièvre-sur-Mendès,Supermarché
Marché Delahaye,Éléonore Chevallier,"32, rue David",52882,Sainte Antoinette,Supermarché
La Table Louis,François de Schmitt,"875, avenue Lebon",97415,Guyon-sur-Gillet,Restaurant
Snack Fouquet,Nathalie Raymond,"998, rue de Dijoux",14562,Dupont-sur-Mer,Restauration rapide
TechShop Paul,Nicole Guyon-Fournier,"18, chemin Besnard",50411,Pinto,Electronique
Chez Brun,Lucie Raymond,boulevard de Blanchard,59949,RobinBourg,Restaurant
Cadeaux Arnaud,Christiane-Nathalie Pasquier,"30, boulevard Michèle Renaud",58192,Breton,Souvenirs
Restaurant Jacquot,Charles Robin,avenue de Couturier,46187,Neveunec,Restaurant
Supermarché Petitjean,Constance du Dias,"3, boulevard Margaux Gérard",20989,Colin,Supermarché
Le Kiosque Lecoq,Marc Le Gall,"34, rue Renaud",1737,Richard,Restauration rapide
Snack Albert,Zoé Devaux,avenue de Gomez,27702,De Sousanec,Restauration rapide
Restaurant Pichon,Théophile Brunel,boulevard Lopes,79743,GuillaumeVille,Restaurant
Pharmacie Gonzalez,Antoine Guibert,"3, boulevard Marion",38439,Saint Francknec,Pharmacie
Restaurant Colin,Yves Jacquet,"398, boulevard Agnès Da Silva",12886,Breton,Restaurant
L'Atelier Sucré Tessier,Antoinette Thierry,"814, rue Lemonnier",35437,Pasquier-sur-Mer,Patisserie
Épicerie Grenier,Thibault de Nicolas,"517, boulevard Claude Prévost",33638,Ferrand-sur-Monnier,Supermarché
Supermarché Dumont,Zoé Dijoux du Teixeira,"434, rue Laurent",59740,Saint Susannenec,Supermarché
L'Atelier Sucré Pasquier,Jacques Marty,"40, chemin de Adam",9415,Guillou,Patisserie
Pharmacie Dias,Adèle Noël,"75, boulevard de Chauvet",4952,Leclercq,Pharmacie
Boutique Souvenirs Rémy,Valentine Reynaud,rue de Leduc,20742,Regnierboeuf,Souvenirs
Supermarché Pinto,Andrée Dijoux,"958, rue Verdier",87439,François,Supermarché
Espace Gérard,Alexandre-Jean Mallet,"729, boulevard Ferreira",97649,Lacombe,Autre
Douceurs David,Lucas-Benjamin Mahe,"57, boulevard Hernandez",22214,Morel,Patisserie
Cadeaux Merle,Benjamin du Guillou,boulevard Honoré Aubert,43595,Ruizboeuf,Souvenirs
Espace Meunier,Raymond Labbé,"80, boulevard Gabriel Thomas",39145,Fernandez-sur-Le Roux,Autre
Restaurant Bigot,Bernard Dijoux,"50, rue de Lebrun",25297,Baron,Restaurant
Pâtisserie Rossi,Sabine Leconte,rue Hugues Paris,15115,Vaillant-sur-Buisson,Patisserie
Supermarché Henry,Richard Le Dias,"52, rue de Picard",10418,Maillot-sur-Gimenez,Supermarché
Multimédia Hebert,Christophe Leroy,"2, rue Emmanuel Launay",50283,Allain-sur-Lombard,Electronique
Cadeaux Blot,Martine Langlois,"28, boulevard Gilles Morin",89579,Sainte Thierrydan,Souvenirs
Boutique Souvenirs Lelièvre,Frédéric Meunier-Chauvet,"36, chemin de Germain",58599,Saint Christelle,Souvenirs
Marché Marie,Valentine Pinto,"35, rue de Lebon",91915,Sainte FrédériqueBourg,Supermarché
Aux Délices Hernandez,Susan Maréchal-Maury,"49, rue de Leduc",49167,Guillaume,Patisserie
Pharmacie Lemonnier,Philippine-Renée Duhamel,"232, boulevard de Coulon",15706,Barthelemy-sur-Germain,Pharmacie
Le Bistrot Berthelot,Matthieu Schmitt,"21, boulevard de Pires",48435,ImbertVille,Restaurant
Pharmacie Robin,Daniel de Boulay,"97, avenue Laetitia Verdier",57300,Bazin,Pharmacie
L'Encre Prévost,Roland Potier Le Gay,"11, boulevard de Antoine",17972,Bonnet,Librairie
La Table Lemaître,Anastasie Martin-Fischer,"51, rue Lesage",89704,Toussaintboeuf,Restaurant
Pharmacie Mendès,Océane Weber,"832, rue Berthelot",49963,Delattre,Pharmacie
Le Comptoir Brunet,Xavier Marchand de la Dubois,rue de Meunier,92598,DufourBourg,Autre
Cadeaux Dos Santos,Susanne Grenier,"39, boulevard Audrey Courtois",57493,Jean,Souvenirs
Supermarché Lemoine,Adèle Verdier,"58, boulevard Hortense Poulain",5138,Guillet-sur-Fischer,Supermarché
Épicerie Tessier,Stéphane Leduc,"3, boulevard de Hamel",97445,BlondelBourg,Supermarché
Marché Barbe,Aurore Moulin du Lombard,"9, chemin de Raymond",7451,MerleVille,Supermarché
Express Lelièvre,Sylvie Baudry,"66, chemin Jacques Da Silva",88711,Petitjean,Restauration rapide
Marché Thibault,Antoine-Thomas Reynaud,"19, chemin de Gallet",79127,Vallée,Supermarché
Douceurs Perez,Philippe Garnier,"52, chemin Alexandre Traore",15718,Maury,Patisserie
Le Bistrot Rousset,Vincent Cohen,"44, rue Susanne Evrard",5451,Saint Jeannine-les-Bains,Restaurant
Restaurant Costa,Nathalie Gomez,"42, chemin de Vincent",82370,Saint Jacquesdan,Restaurant
Express Alexandre,Madeleine Ollivier,"736, chemin William Laporte",55112,Pons,Restauration rapide
Chez Weber,Alice Pereira,"56, chemin René Perrin",32770,Michaud-sur-Pinto,Restaurant
Multimédia Leleu,Yves Pruvost-Pires,"652, rue de Maillet",2951,Saint AntoinetteBourg,Electronique
L'Atelier Hardy,Zacharie Cohen,"54, rue Laurent",79194,Saint Joséphine,Autre
Pharmacie Diaz,Charles Fernandez,"36, rue Fleury",37578,Sainte Robertnec,Pharmacie
Le Livre Jacquot,Joséphine Renard,rue Alex Chevallier,42161,Aubry,Librairie
Le Livre Colin,Antoinette Marin,"862, rue Gimenez",97365,Bonneau,Librairie
L'Atelier Weiss,Matthieu Auger,"1, rue Masse",93356,Moreaudan,Autre
Le Bistrot Gérard,Alfred Chartier,"62, boulevard Adrien Buisson",90889,Martelnec,Restaurant
Le Livre Antoine,Richard Jean,avenue Gérard Duhamel,68467,Normand,Librairie
Boutique Souvenirs Bailly,Andrée Lefort,"6, chemin de Faure",58878,Jourdan,Souvenirs
Restaurant Renaud,Robert Fournier,"74, chemin Coulon",11747,Guyon-sur-Mer,Restaurant
Express Joly,Étienne Laurent,"737, boulevard Weiss",39611,LebretonVille,Restauration rapide
Express Da Silva,Andrée Marques,"7, rue Guibert",85635,Potier-les-Bains,Restauration rapide
Pharmacie Traore,Hortense-Arnaude Da Silva,"17, boulevard Benjamin Berger",89764,Garcia,Pharmacie
La Page Giraud,Honoré Pereira,"229, rue Mahe",76918,Vasseur-sur-Andre,Librairie
Souvenirs Renaud,Maggie Gallet,"25, boulevard de Morvan",18429,Salmon,Souvenirs
Le Livre Lambert,Diane-Margaret Andre,rue Olivie Legros,21813,Lenoir,Librairie
Librairie Gaillard,Jacqueline Blin,rue Lefort,78485,Durand,Librairie
Supermarché Coulon,Adrien Robert,"5, avenue Marine Marchand",26246,Barbe,Supermarché
Souvenirs Lebreton,Isabelle Roger,"3, avenue de Raymond",12742,Lévêque,Souvenirs
Le Comptoir Humbert,Roger Huet,"9, boulevard Étienne",97279,Vasseurdan,Autre
Le Comptoir Pires,Guillaume de Leclercq,avenue Mahe,22263,Saint Madeleine,Autre
Le Kiosque Marchal,François Gay Le Daniel,"20, rue de Tanguy",22261,Sainte Denise,Restauration rapide
Le Bistrot Ferreira,Georges Mace,"795, chemin Rolland",97424,Dumas,Restaurant
Aux Délices Perrin,Lucas Bourgeois-Mallet,"8, avenue de Vincent",55248,Bourdon,Patisserie
Digital De Sousa,Léon Besson,"63, rue Xavier Rodriguez",5808,Lopez-sur-Guyot,Electronique
Electro Dufour,Nicolas Albert,"45, boulevard Hugues Diaz",78274,Lenoir-sur-Rolland,Electronique
Le Bistrot Fernandez,Victoire Fabre,"57, avenue Guyon",31353,Gay,Restaurant
Épicerie Delorme,Théodore Gérard-Baudry,rue Augustin Lelièvre,93887,Fontainenec,Supermarché
Digital Laporte,Valentine Grenier,avenue Olivier Perez,71871,Sainte Martin,Electronique
Épicerie Payet,Lucie Dupuis,"1, chemin Isaac Fischer",58978,Letellier-sur-Guillon,Supermarché
Boutique Souvenirs Laurent,Susan Leleu,"62, avenue de Fischer",81101,Sainte Marieboeuf,Souvenirs
Cadeaux Laporte,William Launay,"489, rue de Legendre",42853,Sainte Bernard,Souvenirs
Chez Masson,Mathilde Turpin,"6, rue Madeleine Vaillant",90168,Lacombe-sur-Mer,Autre
Cadeaux Dos Santos,Isabelle Gimenez,avenue de Gallet,97184,Chrétien,Souvenirs
Pharmacie Vallet,Isaac Benard-Da Costa,"14, chemin Barre",57597,LaineBourg,Pharmacie
Le Livre Lelièvre,Luce Sauvage-Legendre,"4, rue Édouard Michaud",22395,Saint Jacques-la-Forêt,Librairie
Le Kiosque Marie,Paul Fernandes,"704, boulevard de Payet",60455,HebertVille,Restauration rapide
La Table Klein,Arthur de Grondin,"66, chemin de Vallée",75781,Lévydan,Restaurant
Marché Albert,Roland Payet Le Picard,"67, rue William Benard",36566,Maurice,Supermarché
